Countries,Sports,Visits,Viewership,Time,Date,Gender,Age
Armenia,Swimming,48,91,1:07 am,03/06/2023,Male,25
Tajikistan,Athletics,26,11,5:06 am,26/05/2023,Male,24
Nigeria,Cycling,8,35,4:56 pm,11/08/2023,Male,32
Denmark,Hockey,93,54,4:29 pm,14/06/2023,Male,53
Kosovo,Athletics,51,52,10:34 pm,09/06/2023,Female,23
Indonesia,Cycling,34,28,4:00 am,04/08/2023,Male,29
China,Basketball,84,20,10:26 am,01/07/2023,Agender,49
Nigeria,Basketball,10,23,8:12 pm,28/06/2023,Female,27
France,Football,91,11,7:26 pm,05/07/2023,Female,52
Poland,Netball,53,30,1:29 am,08/08/2023,Male,38
Indonesia,Swimming,94,11,8:31 pm,14/06/2023,Female,37
Philippines,Netball,100,3,4:13 am,03/08/2023,Female,28
Honduras,Boxing,97,12,2:55 pm,23/06/2023,Male,43
Thailand,Boxing,53,18,3:53 pm,21/07/2023,Male,60
Indonesia,Golf,61,2,1:55 pm,06/07/2023,Female,57
Poland,Rugby,23,47,6:27 am,11/06/2023,Male,53
China,Hockey,11,10,1:20 am,18/07/2023,Male,51
Costa Rica,Golf,63,47,4:43 am,11/06/2023,Male,38
Ukraine,Volleyball,80,65,6:57 am,27/06/2023,Female,60
Chile,Hockey,47,57,4:19 am,25/05/2023,Male,34
China,Badminton,25,18,5:44 am,30/05/2023,Female,26
France,Basketball,24,98,8:51 pm,24/06/2023,Male,51
Philippines,Volleyball,48,52,12:39 am,21/05/2023,Male,51
Colombia,Tennis,67,17,6:35 am,08/07/2023,Male,33
Luxembourg,Basketball,19,19,11:19 pm,11/08/2023,Male,51
China,Hockey,97,31,10:01 am,07/08/2023,Agender,57
China,Athletics,18,35,3:40 am,06/07/2023,Female,44
Indonesia,Boxing,62,25,6:24 am,07/06/2023,Female,56
China,Netball,21,39,12:19 am,28/07/2023,Male,36
China,Golf,19,9,6:29 am,20/05/2023,Male,64
Democratic Republic of the Congo,Volleyball,83,60,4:14 am,04/06/2023,Male,62
United States,Hockey,78,16,2:40 pm,14/08/2023,Female,47
Iran,Golf,8,29,10:16 am,18/06/2023,Female,27
Poland,Netball,67,58,11:57 pm,10/07/2023,Male,40
China,Tennis,41,81,5:09 pm,19/06/2023,Male,43
Indonesia,Boxing,100,31,6:05 pm,29/05/2023,Male,41
China,Golf,26,3,11:35 pm,07/06/2023,Male,26
Czech Republic,Swimming,22,45,4:49 pm,30/07/2023,Female,28
Portugal,Athletics,80,71,12:23 pm,19/07/2023,Genderqueer,39
Indonesia,Basketball,89,13,1:23 am,08/07/2023,Female,44
Belarus,Hockey,61,40,3:58 pm,03/07/2023,Female,53
Poland,Cycling,35,71,8:54 am,02/07/2023,Female,48
Indonesia,Swimming,56,5,7:08 am,07/07/2023,Polygender,59
Ukraine,Basketball,17,20,5:43 am,24/06/2023,Female,24
Philippines,Rugby,79,6,5:35 pm,18/07/2023,Male,64
Portugal,Tennis,47,11,1:55 am,13/06/2023,Male,33
Tunisia,Badminton,38,83,5:20 pm,26/07/2023,Male,18
Brazil,Hockey,65,43,6:04 am,05/06/2023,Female,28
Benin,Badminton,9,64,10:24 am,27/06/2023,Male,22
Poland,Football,3,5,10:04 am,08/08/2023,Male,25
Tunisia,Boxing,65,77,9:41 pm,11/07/2023,Female,64
Ukraine,Tennis,49,98,5:12 pm,03/06/2023,Male,60
Poland,Hockey,79,82,9:42 pm,26/05/2023,Bigender,56
China,Cycling,47,92,6:41 am,21/06/2023,Male,27
Ukraine,Hockey,63,81,3:14 pm,11/06/2023,Male,18
Indonesia,Netball,47,16,9:37 pm,17/07/2023,Male,49
France,Golf,97,73,3:18 pm,06/06/2023,Female,32
Indonesia,Rugby,92,78,6:42 am,31/07/2023,Male,60
Angola,Badminton,89,76,5:00 pm,01/07/2023,Male,23
Ukraine,Netball,18,13,2:17 am,05/08/2023,Female,65
Colombia,Rugby,91,19,10:55 pm,14/06/2023,Female,63
Vietnam,Boxing,18,22,12:47 am,27/07/2023,Polygender,23
Argentina,Rugby,44,74,9:00 am,12/08/2023,Female,30
Indonesia,Hockey,49,93,1:09 pm,26/07/2023,Female,27
Sweden,Football,70,91,7:02 pm,16/06/2023,Male,47
Mauritius,Hockey,32,14,3:43 am,30/06/2023,Male,24
Czech Republic,Swimming,32,53,5:49 am,27/07/2023,Genderqueer,37
Honduras,Badminton,64,28,11:35 pm,15/08/2023,Genderfluid,65
Poland,Athletics,4,55,4:00 pm,07/07/2023,Male,30
Cameroon,Netball,44,1,1:15 pm,12/08/2023,Female,30
Botswana,Hockey,37,29,1:12 pm,20/07/2023,Male,23
Cuba,Basketball,71,5,7:54 am,04/07/2023,Male,22
China,Netball,50,92,11:41 pm,08/08/2023,Male,59
Laos,Basketball,80,53,5:35 am,18/05/2023,Male,19
Canada,Volleyball,56,59,2:28 pm,24/06/2023,Female,24
Azerbaijan,Basketball,36,11,5:02 am,14/08/2023,Female,48
Canada,Football,54,66,11:04 am,24/05/2023,Male,51
Colombia,Golf,49,65,12:47 am,27/05/2023,Male,48
Portugal,Basketball,25,34,4:13 pm,17/07/2023,Male,20
Nepal,Football,36,38,6:32 am,02/07/2023,Female,57
Indonesia,Swimming,42,81,3:36 pm,04/06/2023,Female,44
Philippines,Basketball,47,32,12:53 pm,31/07/2023,Male,20
Russia,Boxing,77,13,1:38 am,29/06/2023,Male,27
Chile,Athletics,67,93,8:07 am,31/07/2023,Male,51
France,Tennis,5,98,10:40 pm,24/05/2023,Male,45
Japan,Netball,13,85,9:45 pm,28/05/2023,Female,31
Mexico,Boxing,8,62,5:03 am,28/07/2023,Non-binary,33
Poland,Volleyball,57,8,2:10 pm,07/07/2023,Female,50
Ukraine,Hockey,51,82,1:55 pm,08/06/2023,Male,23
Indonesia,Boxing,73,65,4:07 am,02/06/2023,Female,50
Indonesia,Football,7,31,8:57 am,21/07/2023,Male,44
Pakistan,Swimming,59,84,9:09 pm,30/07/2023,Male,35
Russia,Tennis,50,2,2:40 am,20/05/2023,Female,49
Finland,Rugby,28,37,9:29 pm,23/06/2023,Male,26
China,Swimming,62,42,5:09 am,11/07/2023,Agender,45
Finland,Badminton,82,35,8:16 am,26/06/2023,Female,27
Indonesia,Tennis,50,100,8:35 pm,19/07/2023,Male,60
Hungary,Basketball,96,90,1:11 pm,17/06/2023,Female,46
Ukraine,Volleyball,70,54,10:44 pm,12/06/2023,Male,28
Brazil,Boxing,57,28,12:03 am,30/06/2023,Male,32
Colombia,Swimming,44,41,12:11 am,15/07/2023,Male,25
Brazil,Cycling,57,51,9:24 am,24/05/2023,Female,18
Madagascar,Tennis,74,80,12:44 pm,01/08/2023,Female,42
Portugal,Volleyball,100,3,2:26 am,24/05/2023,Male,43
Slovenia,Tennis,2,70,3:31 pm,15/06/2023,Female,64
Australia,Rugby,28,17,5:34 pm,20/06/2023,Female,45
Israel,Netball,92,9,10:18 am,09/06/2023,Female,37
Thailand,Tennis,83,57,9:44 pm,04/06/2023,Genderqueer,28
Mongolia,Swimming,43,47,10:32 pm,08/07/2023,Female,18
China,Volleyball,52,23,7:49 pm,21/06/2023,Genderqueer,35
China,Rugby,12,31,10:24 pm,19/06/2023,Female,58
Indonesia,Rugby,33,3,4:41 am,26/05/2023,Female,26
Portugal,Golf,81,3,3:38 am,26/07/2023,Male,59
Canada,Badminton,9,6,5:56 am,12/06/2023,Male,40
Germany,Hockey,36,60,3:37 am,29/06/2023,Female,38
China,Boxing,41,40,11:11 pm,15/06/2023,Female,47
Sweden,Rugby,34,16,4:33 pm,06/08/2023,Female,20
China,Athletics,88,66,2:31 pm,22/05/2023,Male,19
Indonesia,Football,43,65,4:50 am,05/06/2023,Female,64
Luxembourg,Golf,40,69,5:34 pm,11/06/2023,Female,37
China,Athletics,31,19,11:11 pm,20/05/2023,Male,25
China,Hockey,83,2,3:38 pm,26/06/2023,Female,19
Ukraine,Golf,62,30,1:03 am,12/06/2023,Male,34
China,Tennis,1,54,6:43 am,12/07/2023,Female,52
Brazil,Volleyball,15,52,2:51 am,06/06/2023,Male,58
Egypt,Boxing,78,71,11:36 pm,26/07/2023,Bigender,21
China,Basketball,20,87,7:41 am,28/07/2023,Male,58
South Africa,Athletics,13,17,4:05 pm,31/07/2023,Female,37
Jamaica,Tennis,6,90,4:13 am,14/08/2023,Male,35
China,Tennis,15,79,8:24 pm,29/06/2023,Male,58
Indonesia,Badminton,39,2,9:09 am,02/07/2023,Male,19
Mexico,Football,71,64,7:22 am,21/07/2023,Female,36
China,Badminton,8,84,11:39 pm,31/07/2023,Female,60
Indonesia,Netball,84,35,7:42 pm,10/08/2023,Male,58
Thailand,Netball,68,70,7:48 am,22/05/2023,Female,31
China,Rugby,39,57,9:31 am,27/05/2023,Genderfluid,22
Indonesia,Athletics,70,47,11:04 am,10/07/2023,Male,57
Finland,Netball,50,30,8:08 am,24/07/2023,Female,55
Russia,Badminton,67,9,8:35 pm,13/07/2023,Male,40
Indonesia,Football,43,31,6:24 pm,23/06/2023,Female,46
France,Rugby,95,37,9:18 am,17/05/2023,Male,22
Bangladesh,Golf,59,63,3:49 am,29/06/2023,Polygender,56
Czech Republic,Netball,56,25,2:33 am,03/06/2023,Female,53
Kosovo,Cycling,20,100,12:26 am,13/07/2023,Male,47
Portugal,Netball,100,34,4:30 am,24/07/2023,Male,44
Canada,Boxing,59,18,3:26 am,13/07/2023,Female,39
Russia,Tennis,62,10,2:50 pm,26/06/2023,Male,63
Portugal,Rugby,87,100,11:46 pm,26/05/2023,Male,18
Indonesia,Golf,12,12,4:08 pm,04/06/2023,Male,56
China,Athletics,31,75,7:45 am,13/07/2023,Genderfluid,37
Indonesia,Boxing,23,33,9:12 pm,19/05/2023,Genderfluid,56
China,Basketball,38,57,4:56 am,29/06/2023,Female,19
Argentina,Hockey,53,83,5:29 am,01/06/2023,Male,48
Slovenia,Hockey,26,25,5:18 am,09/07/2023,Male,53
South Africa,Tennis,8,23,6:33 pm,16/06/2023,Female,32
Burkina Faso,Golf,61,87,8:20 pm,27/06/2023,Female,60
Indonesia,Football,54,26,11:56 pm,16/06/2023,Female,37
France,Basketball,14,14,4:42 pm,13/08/2023,Male,28
France,Badminton,10,61,3:14 am,10/06/2023,Female,35
Philippines,Athletics,18,87,9:32 am,10/07/2023,Male,63
Tanzania,Tennis,67,35,2:26 am,19/06/2023,Male,31
Greece,Cycling,57,83,9:23 pm,06/07/2023,Male,61
Brazil,Basketball,68,46,8:59 am,08/06/2023,Agender,37
Colombia,Basketball,91,31,10:27 pm,14/08/2023,Male,64
Russia,Badminton,4,18,7:12 am,05/06/2023,Female,27
Japan,Netball,46,27,12:10 am,14/06/2023,Female,65
Colombia,Netball,26,2,9:26 am,27/05/2023,Male,37
China,Boxing,84,59,4:11 am,23/05/2023,Female,49
Niger,Netball,89,52,3:00 am,14/07/2023,Female,50
United States,Rugby,30,26,1:46 pm,29/06/2023,Male,47
Israel,Athletics,9,10,4:23 am,18/07/2023,Polygender,35
Luxembourg,Athletics,74,67,11:02 am,24/05/2023,Male,59
Philippines,Football,9,47,5:29 am,15/08/2023,Genderqueer,21
China,Cycling,1,4,10:45 am,22/07/2023,Female,48
Indonesia,Tennis,45,84,1:32 am,10/06/2023,Agender,19
China,Swimming,40,55,5:24 pm,21/07/2023,Female,37
China,Golf,92,36,11:57 am,17/05/2023,Male,34
China,Netball,57,55,11:10 pm,17/06/2023,Male,40
China,Hockey,20,34,4:50 am,31/05/2023,Male,31
Indonesia,Volleyball,56,48,5:19 am,08/07/2023,Male,29
China,Badminton,1,46,9:09 am,28/07/2023,Male,41
Russia,Volleyball,52,12,9:30 pm,20/07/2023,Female,20
Belarus,Athletics,61,69,1:05 am,24/07/2023,Male,49
Finland,Volleyball,80,96,6:18 pm,20/06/2023,Female,41
China,Netball,90,42,1:43 pm,15/06/2023,Female,48
Angola,Rugby,83,45,5:22 am,21/05/2023,Female,39
Nicaragua,Rugby,97,50,9:36 pm,14/07/2023,Male,26
China,Hockey,88,47,12:14 am,23/05/2023,Male,28
Poland,Golf,85,23,10:49 pm,15/07/2023,Male,54
Poland,Cycling,26,52,8:44 am,18/07/2023,Female,19
Indonesia,Basketball,41,96,11:59 am,12/07/2023,Female,59
Libya,Cycling,9,75,9:47 am,30/05/2023,Female,45
Philippines,Hockey,83,49,9:29 pm,21/05/2023,Polygender,40
China,Netball,24,79,7:15 am,14/06/2023,Female,22
Chad,Basketball,70,24,8:15 am,17/05/2023,Male,41
Russia,Tennis,46,66,5:01 am,02/08/2023,Female,37
Poland,Cycling,53,5,4:50 pm,25/05/2023,Female,63
Indonesia,Hockey,54,66,2:46 pm,25/07/2023,Male,32
Vietnam,Basketball,16,88,11:01 pm,27/05/2023,Male,30
China,Cycling,17,26,10:22 pm,14/08/2023,Male,28
Vietnam,Cycling,50,11,8:36 am,14/07/2023,Genderfluid,59
China,Badminton,49,78,2:10 am,04/06/2023,Female,54
Slovenia,Badminton,88,9,3:05 pm,31/05/2023,Female,63
China,Hockey,45,85,11:17 pm,07/07/2023,Male,21
Poland,Rugby,85,34,9:02 pm,25/06/2023,Female,43
China,Swimming,58,47,8:54 pm,12/06/2023,Female,49
China,Golf,8,4,9:11 pm,21/06/2023,Female,37
Indonesia,Netball,69,63,7:46 pm,24/06/2023,Male,43
Portugal,Athletics,31,44,4:56 am,23/05/2023,Female,36
Japan,Hockey,54,84,8:36 pm,28/06/2023,Female,52
Brazil,Athletics,55,43,10:22 pm,01/07/2023,Female,50
Russia,Tennis,3,10,11:01 pm,02/06/2023,Genderqueer,41
China,Tennis,75,34,8:10 am,05/08/2023,Female,64
Canada,Hockey,65,33,9:07 pm,30/07/2023,Female,29
China,Rugby,34,75,2:24 am,07/08/2023,Female,19
China,Golf,5,84,12:39 pm,15/07/2023,Male,20
Russia,Golf,94,63,12:28 am,19/06/2023,Female,32
China,Hockey,45,71,5:58 pm,11/08/2023,Bigender,23
Albania,Boxing,29,98,7:28 pm,15/08/2023,Female,19
Togo,Badminton,65,99,6:21 pm,05/08/2023,Female,37
Sweden,Basketball,11,62,1:00 pm,14/06/2023,Male,40
Kazakhstan,Athletics,11,31,9:27 am,13/07/2023,Female,46
Ukraine,Basketball,82,79,7:12 am,21/06/2023,Male,53
Indonesia,Boxing,60,38,2:09 am,31/07/2023,Female,47
France,Hockey,80,15,10:48 pm,26/06/2023,Male,58
Indonesia,Golf,42,32,4:40 am,01/06/2023,Male,18
Philippines,Volleyball,55,89,9:45 pm,07/08/2023,Male,63
China,Volleyball,77,56,3:11 am,19/05/2023,Male,50
Ireland,Football,16,83,1:39 am,19/05/2023,Female,23
Indonesia,Rugby,17,83,12:51 am,26/06/2023,Male,23
Ukraine,Hockey,68,62,5:28 am,14/08/2023,Female,29
Lithuania,Rugby,9,44,9:29 pm,06/08/2023,Male,56
Colombia,Boxing,27,23,4:41 pm,25/07/2023,Male,32
Indonesia,Athletics,66,58,6:10 pm,01/08/2023,Female,40
China,Netball,66,3,2:35 am,28/07/2023,Female,24
Canada,Golf,49,32,12:20 pm,03/08/2023,Male,28
Greece,Netball,27,52,8:41 pm,15/07/2023,Female,35
China,Tennis,44,30,9:40 am,11/07/2023,Female,24
Madagascar,Hockey,40,55,11:06 am,04/08/2023,Female,24
Netherlands,Tennis,42,100,10:59 pm,11/08/2023,Female,19
Colombia,Netball,43,61,11:43 am,17/06/2023,Male,37
Poland,Football,34,93,6:46 pm,25/07/2023,Female,61
Peru,Golf,53,74,5:00 pm,11/08/2023,Male,52
Nigeria,Basketball,71,56,2:20 am,01/08/2023,Male,62
China,Boxing,28,56,4:56 pm,18/06/2023,Male,39
China,Tennis,82,92,2:00 am,11/08/2023,Female,33
Afghanistan,Cycling,73,17,2:20 pm,22/06/2023,Female,29
China,Tennis,43,17,9:27 am,09/07/2023,Male,28
Mexico,Rugby,23,68,5:29 am,02/08/2023,Male,36
Poland,Swimming,20,29,7:25 pm,03/06/2023,Female,48
Paraguay,Golf,48,74,7:23 pm,27/05/2023,Female,47
China,Football,95,59,8:53 pm,21/06/2023,Male,46
Philippines,Tennis,43,4,7:12 am,22/07/2023,Female,39
Poland,Hockey,34,47,1:47 pm,07/06/2023,Male,62
China,Boxing,2,46,12:25 am,30/06/2023,Genderqueer,58
China,Netball,58,10,10:22 am,11/06/2023,Female,53
Russia,Hockey,3,59,10:03 am,12/06/2023,Male,54
Indonesia,Basketball,67,10,4:45 am,19/05/2023,Female,34
China,Football,70,3,4:36 pm,15/07/2023,Male,19
China,Tennis,24,13,11:09 pm,26/05/2023,Male,40
Philippines,Swimming,13,11,7:50 am,29/07/2023,Female,63
France,Football,3,5,4:29 am,07/06/2023,Female,46
China,Golf,96,20,6:14 pm,07/07/2023,Male,49
Russia,Tennis,78,54,10:24 am,17/05/2023,Non-binary,25
Finland,Netball,27,48,2:15 pm,05/07/2023,Female,47
Ukraine,Athletics,67,60,1:21 pm,16/05/2023,Female,63
Colombia,Tennis,91,83,1:28 am,19/06/2023,Female,43
Serbia,Netball,70,4,12:46 am,17/05/2023,Female,40
Malawi,Golf,27,51,8:04 pm,23/07/2023,Male,50
Russia,Golf,34,45,2:32 pm,10/07/2023,Male,21
Belarus,Netball,11,87,3:41 pm,28/05/2023,Female,34
Indonesia,Swimming,65,7,2:29 pm,29/05/2023,Female,44
China,Football,1,61,10:07 pm,07/08/2023,Female,20
Israel,Swimming,83,30,6:42 am,28/06/2023,Male,37
Indonesia,Golf,6,49,3:09 am,31/07/2023,Agender,42
Portugal,Boxing,48,45,3:45 pm,27/05/2023,Male,23
Philippines,Football,93,70,1:07 am,08/07/2023,Female,65
China,Boxing,74,90,9:58 am,27/06/2023,Female,65
Lebanon,Golf,38,63,1:49 am,03/06/2023,Female,58
Russia,Basketball,1,56,11:24 am,03/08/2023,Female,21
Indonesia,Hockey,64,6,9:12 pm,08/08/2023,Male,59
Indonesia,Swimming,53,86,12:32 pm,06/06/2023,Male,55
China,Basketball,72,55,6:01 am,21/05/2023,Male,56
Indonesia,Cycling,43,30,11:15 am,23/05/2023,Female,45
United Kingdom,Netball,98,43,7:05 am,20/05/2023,Male,41
Canada,Football,58,81,3:39 pm,27/06/2023,Female,55
Poland,Badminton,47,75,4:00 pm,22/05/2023,Female,40
South Africa,Swimming,56,31,2:17 am,16/06/2023,Male,52
United States,Tennis,91,67,1:32 pm,16/07/2023,Male,51
Pakistan,Athletics,40,13,10:04 pm,30/06/2023,Female,58
Sweden,Swimming,78,21,10:47 pm,27/07/2023,Female,44
China,Hockey,70,63,2:09 am,11/07/2023,Male,65
Cuba,Tennis,9,66,12:07 am,18/05/2023,Male,54
Czech Republic,Swimming,41,2,11:39 pm,12/06/2023,Female,55
Venezuela,Athletics,56,58,3:08 pm,30/06/2023,Male,26
South Korea,Rugby,57,60,6:05 pm,07/06/2023,Male,36
Cameroon,Basketball,46,37,6:22 am,05/07/2023,Male,49
France,Football,18,56,2:15 am,06/06/2023,Male,20
Belarus,Badminton,37,8,1:12 am,29/07/2023,Female,34
Brazil,Boxing,17,73,1:49 am,29/07/2023,Female,30
Indonesia,Football,75,56,8:16 pm,08/08/2023,Female,25
Indonesia,Football,29,2,5:04 am,19/07/2023,Bigender,56
Brazil,Rugby,15,80,2:56 am,18/07/2023,Male,49
Poland,Swimming,73,73,5:58 pm,13/07/2023,Polygender,36
Egypt,Volleyball,99,80,7:09 pm,28/07/2023,Female,37
Tunisia,Football,68,44,5:44 pm,07/06/2023,Female,23
Indonesia,Rugby,57,40,1:22 pm,13/08/2023,Female,30
China,Cycling,50,63,1:00 pm,21/06/2023,Female,32
France,Basketball,55,86,5:33 pm,24/07/2023,Male,19
Philippines,Volleyball,69,53,3:07 am,29/05/2023,Male,19
Botswana,Netball,48,8,9:12 pm,06/06/2023,Female,61
Slovenia,Volleyball,78,83,12:41 pm,23/06/2023,Female,51
Greece,Athletics,92,94,1:22 pm,20/07/2023,Female,26
El Salvador,Hockey,8,45,10:13 pm,02/08/2023,Male,20
Brazil,Hockey,69,18,10:14 pm,28/06/2023,Genderqueer,65
China,Boxing,78,3,9:49 pm,08/06/2023,Non-binary,42
Sweden,Badminton,76,93,5:38 pm,03/07/2023,Male,58
China,Rugby,98,5,11:12 pm,25/05/2023,Female,32
China,Athletics,85,26,4:47 am,19/07/2023,Genderqueer,60
China,Swimming,17,10,8:41 pm,15/08/2023,Female,29
Canada,Volleyball,69,28,4:06 pm,20/05/2023,Male,24
Vietnam,Rugby,79,30,9:15 am,06/06/2023,Male,36
Portugal,Football,16,87,4:39 am,17/05/2023,Non-binary,49
Philippines,Athletics,97,48,3:59 am,26/07/2023,Male,47
Russia,Athletics,48,90,7:07 am,30/07/2023,Male,34
Kyrgyzstan,Boxing,69,90,6:35 pm,08/06/2023,Male,21
France,Boxing,65,53,11:46 am,22/06/2023,Female,59
Philippines,Basketball,94,81,10:49 pm,02/07/2023,Male,39
China,Swimming,87,82,3:22 am,24/05/2023,Male,33
Russia,Football,8,9,4:22 pm,14/08/2023,Female,22
China,Netball,100,22,12:34 pm,11/06/2023,Male,23
Argentina,Swimming,31,43,11:08 am,20/05/2023,Non-binary,65
Brazil,Golf,83,71,2:22 am,21/05/2023,Female,50
Indonesia,Basketball,47,73,5:53 pm,18/07/2023,Male,44
Czech Republic,Hockey,97,36,10:20 am,10/07/2023,Female,24
United States,Tennis,70,16,10:15 pm,27/07/2023,Female,61
China,Rugby,26,86,9:25 am,02/06/2023,Bigender,57
Ukraine,Badminton,95,53,1:15 am,18/05/2023,Female,56
Philippines,Tennis,72,60,12:36 pm,11/06/2023,Male,43
Brazil,Boxing,82,53,2:38 pm,24/05/2023,Female,50
Sweden,Basketball,52,70,10:19 am,17/05/2023,Male,41
Brazil,Hockey,68,51,8:47 am,09/07/2023,Male,22
Afghanistan,Volleyball,42,19,1:17 am,20/06/2023,Genderqueer,32
Indonesia,Rugby,67,90,10:00 pm,11/06/2023,Male,26
Russia,Swimming,97,49,3:44 pm,07/07/2023,Male,29
Albania,Cycling,94,12,12:58 pm,15/06/2023,Female,33
Malaysia,Basketball,57,93,7:07 pm,27/06/2023,Male,23
Philippines,Tennis,45,43,7:12 am,23/06/2023,Male,19
Philippines,Badminton,9,53,5:22 pm,06/07/2023,Male,34
Niger,Hockey,69,34,11:36 am,30/05/2023,Female,28
Bosnia and Herzegovina,Hockey,18,54,12:31 pm,30/07/2023,Male,29
Russia,Swimming,23,79,9:54 am,17/05/2023,Male,29
France,Badminton,27,85,5:41 pm,15/06/2023,Male,51
Japan,Volleyball,38,95,6:35 pm,21/07/2023,Female,65
Netherlands,Athletics,44,17,9:59 am,13/08/2023,Male,48
China,Cycling,4,82,12:28 am,12/07/2023,Male,40
Libya,Cycling,42,38,12:05 am,05/07/2023,Male,36
Indonesia,Swimming,54,95,4:44 pm,31/05/2023,Male,62
Brazil,Netball,29,6,4:54 pm,23/05/2023,Female,28
Indonesia,Volleyball,40,95,5:30 am,02/06/2023,Male,65
Mozambique,Tennis,3,17,5:48 am,01/06/2023,Female,36
Ireland,Athletics,77,37,10:14 pm,19/06/2023,Female,21
Uganda,Hockey,65,97,9:40 am,20/06/2023,Male,65
Indonesia,Badminton,39,79,2:42 am,19/06/2023,Male,23
Brazil,Boxing,3,21,3:07 am,09/07/2023,Male,60
Montenegro,Athletics,53,21,10:19 pm,04/06/2023,Male,25
Germany,Basketball,21,76,2:28 pm,06/07/2023,Female,48
China,Athletics,58,80,7:25 am,18/07/2023,Female,51
Saudi Arabia,Rugby,12,90,7:52 am,25/05/2023,Female,21
China,Hockey,90,2,9:09 am,05/06/2023,Polygender,43
China,Rugby,78,31,1:51 pm,20/05/2023,Male,31
United States,Swimming,11,81,12:21 am,20/05/2023,Male,59
China,Badminton,12,40,5:40 am,03/08/2023,Polygender,31
Netherlands,Badminton,70,13,4:48 am,19/07/2023,Female,25
Macedonia,Volleyball,60,77,4:12 am,02/08/2023,Female,37
Russia,Netball,97,37,4:51 pm,24/05/2023,Female,64
Japan,Hockey,9,28,1:58 am,29/06/2023,Female,57
Sweden,Athletics,47,66,10:13 pm,03/08/2023,Female,20
Ukraine,Golf,78,21,9:59 am,02/08/2023,Female,56
Argentina,Boxing,7,37,5:34 pm,21/05/2023,Female,25
France,Rugby,28,90,5:29 am,02/08/2023,Male,38
Indonesia,Netball,97,73,11:26 am,04/06/2023,Female,32
Philippines,Golf,26,45,9:42 am,25/07/2023,Female,51
Afghanistan,Tennis,90,63,10:41 pm,08/07/2023,Non-binary,24
Russia,Football,81,12,8:54 am,20/07/2023,Bigender,32
Colombia,Boxing,7,44,9:56 pm,13/06/2023,Male,35
Vietnam,Basketball,83,57,6:25 pm,30/06/2023,Female,39
China,Football,84,78,6:14 am,05/06/2023,Male,42
United States,Rugby,25,66,1:41 pm,12/06/2023,Female,53
South Africa,Athletics,70,15,4:05 am,29/07/2023,Male,42
Ukraine,Rugby,10,15,5:49 am,28/06/2023,Male,61
Poland,Football,43,20,3:44 pm,08/06/2023,Male,35
Canada,Athletics,46,20,11:57 pm,30/05/2023,Female,33
Brazil,Netball,26,57,8:50 pm,02/07/2023,Agender,55
China,Basketball,27,5,4:52 am,21/07/2023,Female,45
Egypt,Netball,60,89,6:18 pm,17/06/2023,Male,22
Indonesia,Athletics,100,65,12:23 am,18/05/2023,Female,24
Indonesia,Rugby,21,84,3:20 pm,30/06/2023,Female,45
Ukraine,Cycling,93,79,12:49 pm,16/05/2023,Female,52
Democratic Republic of the Congo,Golf,83,12,3:56 am,26/05/2023,Female,18
Finland,Basketball,11,21,7:08 pm,18/06/2023,Female,32
Russia,Tennis,42,8,4:38 pm,17/06/2023,Male,63
Philippines,Boxing,52,93,3:05 pm,08/08/2023,Female,38
Sweden,Hockey,99,1,1:55 am,18/05/2023,Male,36
Colombia,Athletics,22,4,1:49 am,16/05/2023,Female,53
Portugal,Athletics,96,5,8:27 am,06/07/2023,Non-binary,50
Japan,Athletics,62,44,2:50 am,30/05/2023,Male,50
Poland,Tennis,45,36,8:24 am,12/07/2023,Female,18
Republic of the Congo,Golf,39,18,12:25 pm,16/07/2023,Agender,38
Indonesia,Golf,62,88,12:27 pm,02/08/2023,Female,61
China,Netball,95,51,11:30 am,02/08/2023,Female,42
Brazil,Basketball,71,74,6:02 am,25/05/2023,Male,51
Czech Republic,Rugby,91,4,2:18 pm,10/08/2023,Agender,47
Russia,Golf,66,29,10:19 pm,09/07/2023,Female,53
Nigeria,Volleyball,64,60,12:28 am,30/06/2023,Male,47
Bulgaria,Swimming,32,43,6:28 am,26/06/2023,Female,56
Indonesia,Volleyball,78,3,3:17 am,01/07/2023,Male,48
China,Basketball,93,41,10:51 pm,03/06/2023,Non-binary,33
North Korea,Football,22,24,4:15 am,03/08/2023,Female,55
Philippines,Football,95,91,1:44 pm,31/05/2023,Female,26
Indonesia,Tennis,12,26,10:02 pm,04/07/2023,Male,64
Philippines,Volleyball,55,92,1:28 am,11/06/2023,Female,35
Brazil,Netball,93,18,5:30 am,22/06/2023,Male,44
Philippines,Golf,35,3,7:50 am,21/07/2023,Female,25
Ukraine,Tennis,81,79,3:46 am,08/07/2023,Male,50
Jordan,Tennis,22,43,11:24 am,25/05/2023,Female,38
Egypt,Golf,23,84,9:43 am,20/07/2023,Female,63
China,Netball,1,61,9:37 pm,01/07/2023,Male,44
Indonesia,Football,4,36,10:02 pm,20/07/2023,Agender,61
Greece,Hockey,89,48,4:39 pm,31/05/2023,Male,51
Bolivia,Tennis,50,60,5:56 pm,08/07/2023,Female,44
Bulgaria,Athletics,44,80,2:21 am,02/07/2023,Male,39
Mauritius,Tennis,95,99,6:42 pm,25/05/2023,Genderfluid,36
China,Swimming,68,72,10:35 pm,01/07/2023,Female,35
Thailand,Badminton,57,6,5:42 am,11/06/2023,Bigender,53
Japan,Athletics,35,82,9:54 am,26/05/2023,Male,46
Armenia,Rugby,48,86,9:02 pm,10/06/2023,Female,27
Indonesia,Rugby,89,5,1:28 am,16/07/2023,Male,24
United States,Athletics,37,36,7:02 am,07/08/2023,Male,64
Poland,Basketball,18,29,8:45 pm,15/08/2023,Male,41
China,Netball,51,22,3:01 am,06/06/2023,Male,39
France,Basketball,68,79,4:14 am,30/06/2023,Polygender,57
Nigeria,Basketball,71,44,8:12 pm,07/08/2023,Male,52
China,Tennis,9,50,2:41 am,24/06/2023,Female,54
Egypt,Hockey,19,15,3:21 am,12/08/2023,Male,31
Philippines,Golf,58,18,1:20 pm,28/07/2023,Female,64
China,Football,82,95,1:46 am,26/06/2023,Female,52
Ethiopia,Volleyball,31,47,7:11 pm,23/06/2023,Male,22
Ukraine,Volleyball,31,93,1:47 am,31/05/2023,Female,38
Mexico,Football,37,97,1:22 am,01/07/2023,Female,39
Argentina,Rugby,68,65,8:22 am,31/07/2023,Female,53
Philippines,Rugby,78,91,11:25 am,22/05/2023,Male,39
Yemen,Volleyball,73,57,6:37 am,29/06/2023,Male,30
Poland,Badminton,13,18,5:11 am,10/08/2023,Female,56
Japan,Golf,34,18,9:27 pm,14/07/2023,Male,51
China,Hockey,99,79,2:11 pm,19/07/2023,Male,22
Sweden,Rugby,92,20,1:50 am,12/08/2023,Female,58
Indonesia,Badminton,43,78,5:38 pm,03/08/2023,Male,26
China,Golf,85,90,5:09 pm,06/08/2023,Non-binary,32
Canada,Boxing,24,99,4:41 am,17/07/2023,Male,23
Philippines,Golf,93,100,9:10 pm,05/07/2023,Female,32
Armenia,Cycling,67,37,11:27 pm,29/06/2023,Male,44
Indonesia,Golf,35,21,1:39 pm,09/07/2023,Male,49
Brazil,Athletics,63,6,8:12 am,07/08/2023,Female,21
Bulgaria,Boxing,38,34,10:57 am,03/07/2023,Female,60
Indonesia,Boxing,97,68,5:33 am,16/05/2023,Polygender,36
Russia,Basketball,24,53,9:18 am,24/06/2023,Female,54
China,Tennis,96,88,2:43 am,28/07/2023,Female,26
China,Badminton,82,76,2:42 pm,22/07/2023,Genderqueer,30
Indonesia,Netball,12,64,3:17 am,04/06/2023,Bigender,58
Indonesia,Athletics,45,99,4:56 pm,25/07/2023,Male,39
Thailand,Golf,79,66,11:36 pm,17/05/2023,Female,40
Uganda,Rugby,91,13,3:44 am,27/06/2023,Male,18
Brazil,Netball,46,85,5:53 pm,26/07/2023,Male,47
Mayotte,Swimming,83,62,6:01 am,08/06/2023,Female,19
Indonesia,Golf,1,90,4:39 pm,13/08/2023,Male,60
China,Netball,53,48,9:36 pm,04/08/2023,Male,36
Poland,Athletics,84,99,1:42 pm,01/07/2023,Female,29
Malaysia,Cycling,68,53,12:22 am,02/08/2023,Male,20
Peru,Golf,95,9,11:42 am,11/07/2023,Male,55
Indonesia,Swimming,60,97,6:33 pm,03/06/2023,Male,25
Portugal,Cycling,92,58,11:35 am,16/05/2023,Male,19
China,Basketball,81,81,3:05 pm,02/06/2023,Female,48
Nigeria,Swimming,15,6,4:24 pm,26/05/2023,Female,48
China,Tennis,76,40,9:01 am,26/07/2023,Female,18
China,Golf,38,49,10:44 pm,29/07/2023,Male,45
Brazil,Cycling,51,20,2:05 am,26/06/2023,Male,39
United States,Football,47,58,1:28 pm,22/06/2023,Non-binary,47
China,Netball,11,12,4:47 am,24/05/2023,Male,65
China,Cycling,100,83,4:51 pm,11/06/2023,Female,30
North Korea,Hockey,15,70,12:33 am,20/05/2023,Female,42
Latvia,Swimming,59,14,6:58 pm,26/05/2023,Female,53
Honduras,Boxing,13,96,3:35 am,01/07/2023,Female,46
Somalia,Badminton,79,27,3:42 pm,30/07/2023,Male,59
Indonesia,Badminton,43,90,12:29 pm,17/05/2023,Female,19
Central African Republic,Swimming,33,77,7:09 am,10/06/2023,Bigender,41
Cuba,Football,99,94,6:41 pm,10/06/2023,Female,21
China,Rugby,68,70,8:47 pm,30/05/2023,Male,21
Croatia,Athletics,7,33,5:12 am,03/08/2023,Female,30
Russia,Boxing,64,26,4:09 pm,26/06/2023,Genderfluid,43
Mexico,Boxing,85,26,11:19 pm,23/07/2023,Female,52
Kazakhstan,Athletics,74,74,12:16 pm,04/07/2023,Male,60
Indonesia,Hockey,16,74,7:55 pm,02/06/2023,Male,33
China,Netball,47,75,2:46 am,09/08/2023,Male,53
Japan,Athletics,3,67,12:16 pm,12/06/2023,Female,59
Bosnia and Herzegovina,Golf,81,15,10:53 am,25/05/2023,Female,60
Albania,Athletics,74,33,1:13 am,19/06/2023,Female,53
Tunisia,Hockey,78,83,1:47 am,19/06/2023,Female,62
El Salvador,Basketball,96,70,5:51 pm,16/06/2023,Male,35
Colombia,Golf,48,42,5:17 am,21/05/2023,Male,34
China,Basketball,21,64,2:05 pm,30/06/2023,Male,65
Indonesia,Golf,29,17,6:47 pm,06/07/2023,Male,35
Mexico,Rugby,57,38,8:56 pm,21/07/2023,Male,45
Indonesia,Swimming,76,3,5:48 am,03/06/2023,Male,42
Yemen,Football,99,18,12:05 pm,22/06/2023,Female,27
Norway,Rugby,32,45,8:08 am,07/08/2023,Male,35
Japan,Swimming,69,47,8:57 am,24/05/2023,Female,32
Brazil,Badminton,75,44,9:24 pm,29/05/2023,Male,33
Sweden,Badminton,30,1,10:18 pm,17/07/2023,Male,54
Cuba,Hockey,87,55,1:39 am,26/06/2023,Female,42
France,Cycling,82,34,10:31 am,05/08/2023,Female,63
Russia,Boxing,22,33,5:55 pm,25/05/2023,Genderfluid,56
Bolivia,Volleyball,95,79,4:50 am,07/08/2023,Female,52
China,Football,100,80,5:09 am,07/06/2023,Female,34
Brazil,Football,100,92,12:13 pm,29/05/2023,Female,31
Central African Republic,Swimming,51,79,1:00 am,12/07/2023,Female,36
Russia,Tennis,31,78,11:55 am,03/06/2023,Female,61
China,Cycling,65,21,9:44 pm,13/08/2023,Male,25
Chile,Hockey,35,21,10:06 pm,19/06/2023,Male,27
Denmark,Basketball,19,18,7:09 pm,01/07/2023,Male,49
France,Netball,26,13,3:44 am,10/06/2023,Genderqueer,62
Jamaica,Golf,27,13,3:17 am,16/07/2023,Male,23
Albania,Basketball,85,73,11:51 am,31/05/2023,Female,44
Philippines,Football,11,70,2:12 pm,23/07/2023,Male,62
Russia,Tennis,58,35,10:52 am,27/07/2023,Female,59
Sweden,Volleyball,51,90,7:54 am,09/06/2023,Male,25
Tanzania,Athletics,8,73,11:33 pm,27/05/2023,Female,63
Sweden,Football,49,22,2:04 am,16/05/2023,Non-binary,36
Burkina Faso,Cycling,52,45,10:10 am,28/07/2023,Male,60
Indonesia,Netball,14,33,5:05 pm,27/05/2023,Male,22
Netherlands,Boxing,26,81,12:15 am,03/08/2023,Male,45
Poland,Rugby,51,17,7:44 am,06/08/2023,Female,41
Saudi Arabia,Basketball,1,26,5:59 pm,28/06/2023,Male,39
Argentina,Golf,19,49,6:54 pm,15/07/2023,Female,37
Myanmar,Netball,34,67,10:09 am,19/06/2023,Male,57
China,Badminton,37,28,3:56 pm,26/07/2023,Male,20
Iran,Cycling,39,45,3:12 am,06/08/2023,Male,37
Venezuela,Badminton,31,35,2:25 pm,09/06/2023,Male,28
China,Volleyball,16,35,5:53 am,26/07/2023,Female,23
Indonesia,Hockey,68,75,5:12 am,15/08/2023,Male,31
Indonesia,Cycling,87,20,2:11 am,07/08/2023,Female,55
Indonesia,Rugby,64,84,1:14 pm,08/08/2023,Male,34
China,Athletics,26,80,2:10 am,02/08/2023,Male,56
Russia,Netball,20,20,6:06 am,28/05/2023,Female,56
Czech Republic,Boxing,73,73,7:53 pm,30/06/2023,Female,58
Portugal,Rugby,99,79,2:19 am,15/07/2023,Female,57
Serbia,Athletics,44,33,6:37 am,26/05/2023,Male,58
South Korea,Athletics,100,42,4:30 pm,15/08/2023,Genderqueer,38
France,Basketball,10,13,5:36 pm,06/07/2023,Agender,20
Japan,Hockey,91,40,8:03 pm,10/08/2023,Genderfluid,49
France,Athletics,31,24,10:09 am,18/05/2023,Male,61
Greece,Athletics,14,13,10:15 pm,16/07/2023,Male,35
Norway,Tennis,78,4,5:28 pm,05/06/2023,Female,36
Thailand,Netball,72,78,10:41 am,15/08/2023,Female,63
Russia,Golf,69,5,6:47 am,15/06/2023,Female,43
Indonesia,Volleyball,1,12,1:06 pm,21/07/2023,Male,24
Indonesia,Swimming,38,89,9:33 pm,29/06/2023,Female,61
Indonesia,Cycling,98,36,5:24 am,03/06/2023,Female,18
Canada,Cycling,50,85,3:13 am,22/06/2023,Male,28
Brazil,Athletics,23,100,6:52 pm,22/05/2023,Female,47
China,Basketball,9,89,3:53 am,26/06/2023,Male,38
Poland,Golf,22,48,7:56 am,06/07/2023,Male,36
France,Boxing,73,22,4:49 am,11/06/2023,Male,60
Bosnia and Herzegovina,Rugby,19,35,4:59 pm,17/07/2023,Female,20
Belarus,Badminton,64,73,4:03 am,23/07/2023,Male,50
Morocco,Football,37,31,2:46 am,14/07/2023,Female,42
Japan,Swimming,76,50,4:17 pm,12/06/2023,Male,18
Indonesia,Volleyball,42,53,10:45 am,26/06/2023,Female,41
China,Football,76,31,10:15 pm,04/08/2023,Male,44
Greece,Swimming,99,100,9:19 pm,14/07/2023,Female,49
Iran,Tennis,60,35,2:59 am,02/06/2023,Female,59
China,Cycling,82,21,12:22 pm,03/08/2023,Male,37
China,Cycling,46,59,3:22 am,10/06/2023,Male,65
Philippines,Netball,86,60,3:25 am,15/07/2023,Male,28
Kazakhstan,Hockey,33,19,1:17 pm,04/08/2023,Male,30
Philippines,Volleyball,50,38,10:28 am,21/06/2023,Female,39
China,Rugby,40,84,1:46 pm,23/07/2023,Male,45
Ireland,Netball,21,68,6:38 pm,04/06/2023,Male,50
Mexico,Basketball,77,8,12:26 pm,21/05/2023,Male,24
Slovenia,Golf,93,23,6:46 am,11/08/2023,Male,52
United States,Athletics,15,76,1:50 am,04/07/2023,Female,41
Russia,Swimming,22,74,7:47 am,23/07/2023,Non-binary,20
China,Netball,50,42,2:16 pm,21/06/2023,Male,41
Russia,Tennis,97,23,1:40 am,28/05/2023,Female,55
Canada,Volleyball,2,37,1:00 pm,26/06/2023,Male,56
Italy,Volleyball,66,77,4:50 pm,21/06/2023,Female,61
Russia,Cycling,45,34,1:43 am,08/06/2023,Male,58
Saint Pierre and Miquelon,Athletics,31,19,4:47 pm,29/07/2023,Male,20
Poland,Netball,75,15,6:38 am,10/06/2023,Male,64
Poland,Golf,87,5,4:22 pm,15/08/2023,Agender,24
China,Athletics,53,62,6:33 am,17/07/2023,Male,41
China,Netball,62,81,6:32 am,08/07/2023,Male,29
Czech Republic,Golf,90,62,1:57 am,29/06/2023,Male,32
China,Netball,85,9,11:28 pm,23/07/2023,Non-binary,29
China,Golf,68,50,5:44 pm,25/07/2023,Bigender,22
Belarus,Football,38,78,8:54 pm,01/08/2023,Male,24
China,Netball,29,29,10:49 pm,26/06/2023,Male,42
Philippines,Swimming,30,84,2:48 pm,29/05/2023,Female,31
Niger,Tennis,23,50,12:22 pm,31/05/2023,Genderqueer,24
China,Golf,90,95,4:15 pm,05/06/2023,Female,54
China,Swimming,71,36,6:33 am,03/07/2023,Female,27
Japan,Boxing,9,58,4:17 pm,21/05/2023,Male,41
Bosnia and Herzegovina,Tennis,45,67,3:57 am,18/06/2023,Female,21
Argentina,Volleyball,18,52,1:47 am,11/06/2023,Female,58
Armenia,Football,12,99,10:34 pm,04/07/2023,Male,52
China,Tennis,13,66,12:44 pm,18/06/2023,Female,22
Paraguay,Basketball,54,20,8:13 pm,01/08/2023,Polygender,39
China,Badminton,26,67,5:57 am,18/06/2023,Male,41
Portugal,Volleyball,93,66,3:29 am,09/08/2023,Female,37
East Timor,Cycling,21,97,10:14 pm,28/06/2023,Female,58
Poland,Hockey,22,88,8:59 pm,18/07/2023,Female,27
China,Volleyball,71,73,5:00 am,23/06/2023,Male,28
Albania,Netball,44,62,11:56 am,04/08/2023,Female,21
Poland,Volleyball,20,55,3:21 am,05/07/2023,Female,22
Syria,Golf,92,53,3:19 am,20/05/2023,Female,33
Yemen,Badminton,81,65,3:23 pm,21/07/2023,Female,36
Qatar,Volleyball,63,27,8:56 am,16/07/2023,Female,31
China,Rugby,51,11,7:21 pm,03/08/2023,Male,62
Philippines,Basketball,60,36,4:31 pm,20/06/2023,Male,62
Greece,Netball,96,51,6:01 am,23/06/2023,Female,33
Argentina,Athletics,22,30,4:06 am,20/06/2023,Polygender,24
China,Tennis,96,63,11:54 pm,24/05/2023,Female,61
Peru,Netball,99,21,10:40 am,24/05/2023,Male,21
Argentina,Hockey,96,54,11:30 pm,31/05/2023,Female,47
China,Golf,86,51,5:41 am,31/05/2023,Female,52
China,Volleyball,50,58,10:08 pm,05/06/2023,Female,44
China,Athletics,19,35,8:29 pm,22/06/2023,Agender,33
Vietnam,Athletics,54,10,5:19 am,21/05/2023,Male,47
Russia,Volleyball,88,54,11:56 am,11/08/2023,Male,25
Albania,Football,85,23,8:25 am,18/07/2023,Female,60
Mexico,Football,16,31,8:30 am,15/08/2023,Female,33
Zimbabwe,Tennis,95,43,12:31 pm,19/06/2023,Bigender,33
Argentina,Swimming,52,32,6:22 am,10/06/2023,Male,36
Costa Rica,Football,99,49,1:10 pm,24/05/2023,Female,18
Indonesia,Golf,39,52,4:07 pm,19/06/2023,Male,43
Russia,Badminton,85,86,10:48 am,07/06/2023,Male,43
China,Badminton,84,45,2:19 pm,11/08/2023,Male,57
United States,Volleyball,28,35,11:42 pm,28/06/2023,Male,20
Indonesia,Football,85,20,12:36 pm,28/06/2023,Male,33
Russia,Volleyball,3,14,11:48 am,10/08/2023,Female,41
Spain,Golf,21,81,7:55 am,10/06/2023,Male,20
Czech Republic,Athletics,97,95,5:52 pm,03/07/2023,Male,59
Sweden,Boxing,31,5,12:35 am,29/05/2023,Female,41
China,Golf,79,51,9:46 pm,18/06/2023,Male,50
Ukraine,Cycling,66,21,9:07 am,18/07/2023,Male,57
Indonesia,Boxing,71,75,4:46 am,13/08/2023,Female,35
Portugal,Boxing,63,52,8:06 am,26/06/2023,Female,30
China,Basketball,53,93,2:54 am,14/06/2023,Male,25
Syria,Athletics,51,53,8:23 pm,20/07/2023,Male,23
Indonesia,Swimming,20,16,2:24 am,07/08/2023,Genderfluid,37
Moldova,Hockey,88,82,5:48 am,06/08/2023,Female,32
Poland,Rugby,69,44,2:10 pm,03/07/2023,Male,42
China,Badminton,34,41,5:25 pm,14/07/2023,Male,62
Kosovo,Football,24,68,10:04 pm,02/07/2023,Female,41
Peru,Golf,78,94,4:35 pm,24/06/2023,Female,27
Brazil,Athletics,16,21,3:44 pm,17/07/2023,Female,64
Indonesia,Golf,18,20,6:25 pm,02/07/2023,Male,25
Guatemala,Rugby,22,89,5:06 pm,09/08/2023,Male,63
Ukraine,Athletics,85,89,10:54 pm,03/07/2023,Male,63
France,Cycling,39,60,12:29 pm,03/07/2023,Male,33
Libya,Boxing,62,6,5:42 am,14/06/2023,Male,45
Armenia,Basketball,47,47,1:13 am,25/05/2023,Male,33
Russia,Boxing,58,79,6:49 pm,18/06/2023,Non-binary,30
Finland,Netball,61,45,9:11 pm,27/07/2023,Female,18
Morocco,Football,47,7,3:38 pm,05/07/2023,Male,19
Poland,Athletics,27,90,3:38 am,20/06/2023,Male,65
Philippines,Badminton,38,72,6:14 am,11/07/2023,Female,28
Poland,Swimming,54,39,2:46 pm,23/06/2023,Female,38
Vietnam,Netball,65,5,2:37 pm,24/07/2023,Male,46
Austria,Boxing,5,43,4:49 pm,26/06/2023,Male,41
Bolivia,Football,51,78,1:33 am,04/07/2023,Female,57
China,Boxing,97,72,5:36 am,19/06/2023,Male,50
China,Rugby,43,59,12:03 pm,02/07/2023,Female,54
Thailand,Football,8,65,3:06 am,26/07/2023,Male,58
Honduras,Golf,25,18,4:11 am,15/07/2023,Polygender,39
Finland,Badminton,13,29,6:00 pm,02/07/2023,Agender,28
Peru,Hockey,29,42,7:44 pm,07/08/2023,Male,63
Brazil,Swimming,36,96,8:41 am,15/07/2023,Male,23
Japan,Football,99,74,11:19 am,14/06/2023,Female,41
China,Golf,9,99,1:44 pm,22/05/2023,Male,29
Vietnam,Boxing,13,61,4:34 pm,15/06/2023,Male,55
Canada,Hockey,26,28,6:20 pm,11/08/2023,Female,41
Afghanistan,Tennis,59,4,6:18 pm,14/07/2023,Male,63
Thailand,Golf,41,28,8:29 am,18/05/2023,Female,38
China,Football,61,90,3:16 am,26/07/2023,Agender,60
Philippines,Netball,86,96,7:15 am,21/05/2023,Female,42
Lithuania,Rugby,11,55,12:16 pm,11/08/2023,Female,61
Sweden,Hockey,8,18,6:31 pm,19/07/2023,Female,51
China,Golf,18,66,11:51 am,21/06/2023,Female,27
Sweden,Basketball,10,5,9:19 am,08/08/2023,Male,26
Cuba,Hockey,84,93,11:53 pm,21/07/2023,Non-binary,65
Philippines,Netball,3,65,5:22 am,01/07/2023,Female,29
Ethiopia,Rugby,17,83,10:43 am,03/08/2023,Male,32
Argentina,Netball,73,95,4:28 am,04/07/2023,Female,64
Nigeria,Tennis,50,10,4:30 am,13/07/2023,Male,62
Ireland,Badminton,55,40,2:29 pm,02/06/2023,Female,22
Ukraine,Cycling,77,71,7:51 pm,21/05/2023,Male,48
Philippines,Swimming,53,68,7:26 pm,04/08/2023,Female,56
China,Basketball,93,13,5:01 am,20/07/2023,Male,51
Mexico,Hockey,13,39,1:54 pm,27/05/2023,Genderqueer,60
China,Badminton,72,62,8:04 pm,14/08/2023,Bigender,22
Russia,Badminton,20,5,11:37 pm,28/06/2023,Male,65
Philippines,Basketball,95,41,10:49 am,24/06/2023,Female,63
Finland,Basketball,9,58,11:21 pm,30/05/2023,Male,25
Indonesia,Badminton,17,97,12:13 am,23/07/2023,Male,47
Czech Republic,Cycling,83,41,5:49 pm,11/06/2023,Male,42
Estonia,Golf,75,91,6:03 pm,13/08/2023,Male,52
Indonesia,Rugby,88,10,3:14 am,11/07/2023,Male,26
Philippines,Volleyball,39,61,9:27 pm,25/06/2023,Male,32
Armenia,Badminton,46,75,1:06 am,28/05/2023,Female,58
Kyrgyzstan,Tennis,72,98,2:32 am,13/08/2023,Female,58
Norway,Basketball,41,61,4:03 am,28/06/2023,Female,56
Indonesia,Netball,72,18,10:32 am,25/05/2023,Female,58
China,Netball,26,91,5:05 am,30/05/2023,Female,23
Colombia,Badminton,34,35,8:44 pm,23/07/2023,Male,19
Ukraine,Boxing,63,95,10:15 am,17/07/2023,Male,44
Ukraine,Badminton,15,21,5:25 am,15/08/2023,Female,22
Indonesia,Athletics,81,69,11:05 am,17/05/2023,Bigender,18
Colombia,Football,11,17,8:00 pm,03/06/2023,Female,38
Philippines,Cycling,94,29,4:55 pm,03/06/2023,Female,38
Chad,Cycling,88,48,7:16 pm,26/05/2023,Male,18
South Africa,Tennis,21,53,11:34 pm,12/08/2023,Male,43
China,Netball,80,49,5:05 pm,08/07/2023,Male,39
Philippines,Swimming,26,54,12:35 pm,11/08/2023,Female,29
Indonesia,Badminton,30,99,5:27 pm,17/06/2023,Female,47
Dominican Republic,Rugby,80,29,11:26 pm,27/05/2023,Female,23
Portugal,Basketball,50,66,12:50 am,12/07/2023,Male,41
United Kingdom,Rugby,45,90,3:59 am,01/06/2023,Male,23
Thailand,Football,96,54,9:25 am,02/07/2023,Female,55
China,Athletics,82,13,11:29 am,31/07/2023,Female,59
Republic of the Congo,Golf,47,38,9:02 am,24/05/2023,Female,42
Macedonia,Athletics,15,8,6:13 am,17/05/2023,Polygender,35
Indonesia,Basketball,86,4,10:05 am,08/08/2023,Female,40
Nicaragua,Golf,68,94,10:02 pm,03/06/2023,Female,47
Russia,Tennis,90,85,7:35 am,01/08/2023,Male,19
Peru,Football,68,10,4:15 am,29/06/2023,Female,51
China,Hockey,24,23,10:55 pm,21/05/2023,Male,31
China,Hockey,65,64,1:31 pm,23/06/2023,Female,54
China,Volleyball,32,75,4:07 am,08/08/2023,Female,46
Portugal,Boxing,24,3,8:19 pm,11/06/2023,Male,24
Philippines,Tennis,97,98,8:24 pm,06/08/2023,Bigender,44
China,Badminton,61,86,11:57 pm,23/07/2023,Non-binary,62
Philippines,Volleyball,13,89,5:32 pm,25/07/2023,Female,29
Sri Lanka,Basketball,27,42,7:28 am,11/07/2023,Female,58
China,Golf,80,91,8:27 am,31/07/2023,Male,27
Sweden,Swimming,15,20,6:32 pm,18/06/2023,Male,39
Czech Republic,Rugby,51,76,1:53 pm,10/08/2023,Female,38
Russia,Swimming,72,29,11:50 am,13/08/2023,Male,44
Argentina,Athletics,47,17,12:00 pm,12/08/2023,Genderfluid,63
China,Golf,80,82,3:21 am,17/07/2023,Female,26
Gambia,Cycling,64,10,3:10 pm,25/07/2023,Male,43
Yemen,Rugby,58,13,10:20 pm,17/05/2023,Male,47
China,Boxing,1,87,1:17 am,15/06/2023,Polygender,50
China,Golf,13,4,1:33 am,26/07/2023,Female,53
Taiwan,Athletics,71,66,2:40 am,15/06/2023,Male,23
United States,Badminton,98,82,10:06 am,10/08/2023,Female,63
Thailand,Golf,36,64,6:02 am,05/06/2023,Female,56
Portugal,Netball,33,54,1:31 am,09/07/2023,Male,53
Indonesia,Netball,41,4,3:10 pm,02/07/2023,Male,39
China,Tennis,24,13,1:13 am,03/07/2023,Male,43
Philippines,Hockey,97,17,4:55 am,07/06/2023,Male,18
Indonesia,Golf,79,44,1:29 am,24/07/2023,Female,26
Poland,Cycling,75,86,10:48 am,24/06/2023,Male,57
China,Volleyball,18,33,1:39 am,04/08/2023,Male,44
Brazil,Netball,100,52,6:03 am,26/06/2023,Female,36
China,Hockey,84,88,11:35 pm,14/07/2023,Male,32
Kazakhstan,Rugby,14,23,2:28 am,15/08/2023,Male,63
Russia,Golf,10,48,12:41 pm,21/05/2023,Male,50
Greece,Football,34,92,12:46 am,29/06/2023,Male,27
China,Netball,26,51,8:36 pm,21/07/2023,Male,29
Indonesia,Athletics,17,90,10:28 pm,23/06/2023,Male,48
Canada,Volleyball,28,32,2:14 am,27/05/2023,Male,44
China,Swimming,46,80,1:32 pm,21/05/2023,Female,50
Portugal,Football,42,93,2:35 am,21/07/2023,Female,53
Colombia,Athletics,40,49,4:49 am,14/06/2023,Male,57
Russia,Swimming,35,8,11:56 am,25/05/2023,Male,23
Brazil,Netball,51,37,7:41 am,01/06/2023,Male,39
China,Badminton,98,91,1:22 pm,12/07/2023,Female,32
Russia,Hockey,81,73,3:17 pm,22/05/2023,Female,50
Russia,Rugby,93,51,6:46 pm,26/07/2023,Male,23
China,Basketball,55,58,1:55 am,14/07/2023,Polygender,48
Colombia,Boxing,11,8,10:11 am,02/08/2023,Male,52
Indonesia,Hockey,74,49,2:30 am,10/07/2023,Female,19
Panama,Football,43,2,12:57 pm,07/07/2023,Male,38
Argentina,Rugby,55,82,1:04 pm,21/05/2023,Genderfluid,51
Portugal,Volleyball,80,15,7:33 am,23/06/2023,Female,47
China,Athletics,44,35,8:26 am,30/05/2023,Female,35
Russia,Athletics,30,31,8:52 am,19/07/2023,Female,41
Sweden,Golf,10,23,2:30 am,03/06/2023,Male,21
Armenia,Football,24,43,1:30 pm,16/05/2023,Female,24
China,Golf,96,48,9:09 pm,19/07/2023,Male,26
Indonesia,Athletics,92,66,1:36 am,10/06/2023,Female,51
Democratic Republic of the Congo,Swimming,44,82,8:27 pm,17/05/2023,Female,34
South Korea,Tennis,6,98,5:56 pm,14/08/2023,Female,56
Palestinian Territory,Basketball,61,69,1:18 pm,17/05/2023,Female,62
China,Athletics,51,90,2:57 pm,21/05/2023,Female,55
Honduras,Volleyball,34,21,5:29 am,17/07/2023,Male,28
Slovenia,Football,51,85,4:26 pm,17/06/2023,Female,34
Russia,Basketball,66,26,8:14 am,15/06/2023,Bigender,36
Egypt,Rugby,39,43,5:22 am,20/06/2023,Male,51
Russia,Badminton,22,33,2:49 pm,14/07/2023,Male,35
China,Tennis,90,61,4:58 pm,02/06/2023,Female,36
Russia,Football,14,75,12:43 pm,03/06/2023,Female,26
Philippines,Boxing,56,9,5:03 am,30/07/2023,Male,30
Russia,Athletics,47,32,11:46 pm,09/07/2023,Female,24
Indonesia,Football,5,85,5:16 am,14/06/2023,Female,45
Indonesia,Basketball,48,14,4:21 am,08/08/2023,Male,53
Iceland,Swimming,78,80,9:50 am,18/05/2023,Male,53
China,Golf,96,32,8:17 pm,07/07/2023,Female,51
South Korea,Hockey,96,43,9:49 pm,16/05/2023,Female,48
Philippines,Netball,75,79,2:14 am,15/06/2023,Male,45
Brazil,Badminton,40,68,11:10 am,17/05/2023,Male,22
Canada,Volleyball,80,61,12:12 pm,24/05/2023,Female,20
Indonesia,Football,57,67,3:20 pm,07/06/2023,Female,54
Iran,Badminton,6,69,1:40 pm,11/08/2023,Agender,51
Armenia,Football,2,6,8:01 pm,03/07/2023,Male,22
Reunion,Boxing,52,52,2:05 am,05/07/2023,Female,19
Indonesia,Football,48,79,11:09 pm,20/05/2023,Male,29
Indonesia,Cycling,71,44,10:59 pm,26/05/2023,Female,32
Russia,Golf,16,85,2:58 pm,30/05/2023,Male,57
China,Badminton,50,12,5:33 pm,28/06/2023,Female,59
Russia,Tennis,94,75,8:30 am,11/08/2023,Male,61
Portugal,Rugby,70,96,1:28 am,28/05/2023,Male,20
Philippines,Netball,46,96,1:58 pm,18/07/2023,Male,53
China,Volleyball,10,16,10:19 am,31/07/2023,Bigender,54
Netherlands,Hockey,93,63,3:16 pm,16/05/2023,Female,52
China,Golf,11,81,12:35 pm,15/06/2023,Female,47
China,Badminton,33,84,5:36 am,15/06/2023,Male,50
Sweden,Athletics,27,55,10:19 pm,10/07/2023,Female,61
Brazil,Netball,49,89,5:27 pm,24/07/2023,Female,28
Finland,Football,42,85,12:43 pm,13/08/2023,Male,46
Indonesia,Hockey,52,84,12:10 pm,25/06/2023,Male,24
Japan,Football,53,73,10:31 pm,28/07/2023,Female,57
United Kingdom,Badminton,28,87,7:40 pm,06/06/2023,Female,33
Portugal,Hockey,66,71,7:45 am,19/05/2023,Male,63
Indonesia,Golf,42,16,5:45 pm,31/05/2023,Female,22
Philippines,Netball,56,57,12:28 pm,29/07/2023,Male,33
Afghanistan,Boxing,77,62,3:55 am,29/06/2023,Female,45
Russia,Athletics,28,98,1:45 pm,04/06/2023,Female,38
China,Basketball,4,36,5:59 am,14/08/2023,Female,46
Argentina,Boxing,29,88,6:29 pm,05/08/2023,Male,23
Russia,Hockey,85,39,12:12 am,25/07/2023,Male,18
Indonesia,Volleyball,79,94,12:59 pm,10/08/2023,Female,34
Nigeria,Swimming,8,38,2:41 am,28/06/2023,Female,65
Zimbabwe,Football,26,75,7:24 am,07/06/2023,Male,61
Czech Republic,Netball,86,56,11:53 pm,20/07/2023,Female,24
Brazil,Cycling,5,67,1:40 am,09/08/2023,Male,58
Brazil,Cycling,64,43,9:08 pm,06/06/2023,Female,50
Russia,Badminton,50,23,1:10 am,20/05/2023,Female,45
France,Badminton,6,62,2:18 am,23/07/2023,Female,55
Brazil,Golf,51,41,9:42 pm,31/07/2023,Bigender,47
China,Rugby,75,65,6:47 am,11/06/2023,Female,60
Russia,Cycling,23,37,12:56 am,01/07/2023,Female,41
Thailand,Volleyball,85,31,1:32 pm,14/06/2023,Female,24
Thailand,Cycling,77,60,10:09 pm,26/05/2023,Female,39
China,Volleyball,48,42,1:12 pm,05/06/2023,Female,58
Thailand,Swimming,81,66,6:59 pm,23/06/2023,Genderqueer,60
Vietnam,Volleyball,44,45,3:33 pm,01/08/2023,Male,35
Honduras,Basketball,58,24,8:37 pm,28/06/2023,Genderfluid,42
France,Hockey,98,20,3:31 am,15/07/2023,Agender,55
Russia,Swimming,36,85,1:16 pm,31/05/2023,Non-binary,45
Belarus,Basketball,55,19,5:14 am,02/06/2023,Female,18
China,Golf,1,31,12:13 am,13/07/2023,Female,59
Zimbabwe,Athletics,18,32,8:05 pm,12/08/2023,Female,30
Indonesia,Football,92,77,2:46 pm,19/06/2023,Male,21
Russia,Volleyball,23,68,11:08 am,21/06/2023,Female,37
China,Swimming,52,79,5:37 pm,17/06/2023,Male,32
China,Football,60,70,8:06 am,22/05/2023,Non-binary,56
China,Football,75,37,5:25 pm,12/06/2023,Male,62
Poland,Golf,71,97,3:40 pm,11/06/2023,Female,22
Sweden,Golf,65,54,5:16 pm,16/07/2023,Female,28
Colombia,Basketball,27,96,4:09 am,20/06/2023,Female,25
China,Boxing,6,32,5:52 pm,24/05/2023,Female,41
Brazil,Hockey,79,82,7:12 pm,17/05/2023,Male,55
Sweden,Swimming,21,15,6:22 am,17/06/2023,Female,54
Peru,Football,70,78,4:58 am,10/06/2023,Female,26
Micronesia,Cycling,7,65,4:13 pm,01/08/2023,Male,32
Bolivia,Basketball,98,51,8:18 am,05/06/2023,Male,46
China,Cycling,37,78,11:28 pm,18/05/2023,Male,65
Germany,Athletics,23,92,9:08 am,15/06/2023,Male,63
Russia,Hockey,48,50,9:04 pm,02/06/2023,Male,28
Sweden,Boxing,36,72,12:16 am,21/06/2023,Female,59
China,Golf,91,78,7:23 am,03/07/2023,Female,22
China,Cycling,10,15,6:09 am,13/06/2023,Female,24
Sweden,Netball,39,50,5:09 am,19/06/2023,Female,19
China,Hockey,84,100,4:56 pm,07/07/2023,Female,24
China,Golf,26,91,8:40 am,24/06/2023,Polygender,29
Egypt,Netball,74,14,4:11 am,05/06/2023,Female,51
Poland,Volleyball,39,88,3:14 am,18/06/2023,Male,60
Afghanistan,Football,34,76,6:16 am,27/05/2023,Female,36
China,Golf,66,59,7:26 pm,05/07/2023,Male,64
China,Boxing,23,68,2:06 am,11/08/2023,Female,33
China,Cycling,37,14,2:29 am,21/07/2023,Female,34
Serbia,Rugby,16,4,1:22 pm,07/06/2023,Male,25
South Africa,Swimming,94,46,5:25 pm,03/06/2023,Female,53
Indonesia,Football,56,84,1:33 am,08/07/2023,Female,50
Slovenia,Rugby,10,58,6:03 am,19/05/2023,Female,37
Mexico,Netball,74,98,5:58 am,01/06/2023,Male,64
Philippines,Boxing,39,56,7:46 pm,27/07/2023,Female,20
Indonesia,Basketball,23,96,2:21 pm,24/05/2023,Male,40
Morocco,Hockey,52,20,1:48 am,15/08/2023,Male,51
Afghanistan,Netball,56,75,1:55 am,27/05/2023,Female,20
Ukraine,Tennis,60,6,2:00 pm,27/07/2023,Male,28
Japan,Badminton,21,53,9:37 pm,07/08/2023,Female,57
China,Volleyball,17,59,4:43 am,20/07/2023,Male,43
China,Hockey,95,86,3:04 pm,12/06/2023,Female,50
Japan,Cycling,67,76,1:00 pm,18/05/2023,Male,60
Bulgaria,Swimming,18,48,7:48 pm,10/08/2023,Male,40
China,Badminton,47,96,12:14 am,01/06/2023,Female,33
Russia,Swimming,81,50,11:39 am,16/05/2023,Male,40
Colombia,Swimming,40,12,5:19 pm,20/07/2023,Male,59
Indonesia,Athletics,66,36,10:41 am,28/07/2023,Male,52
Canada,Badminton,48,11,8:22 am,16/06/2023,Male,59
Nigeria,Hockey,7,85,11:26 am,09/07/2023,Male,60
Haiti,Netball,50,53,8:39 am,14/06/2023,Male,49
Indonesia,Swimming,91,56,1:08 pm,03/07/2023,Female,61
Indonesia,Golf,15,90,10:06 am,15/06/2023,Male,38
Uzbekistan,Tennis,82,2,1:59 pm,23/05/2023,Female,41
Samoa,Cycling,29,38,9:52 pm,17/07/2023,Female,55
Thailand,Athletics,45,62,3:45 am,17/05/2023,Male,31
Guatemala,Cycling,29,59,5:07 pm,19/05/2023,Female,42
Philippines,Swimming,76,35,2:53 pm,20/05/2023,Male,62
Indonesia,Football,100,36,4:55 am,03/06/2023,Male,24
Mongolia,Volleyball,19,46,3:15 am,29/06/2023,Genderqueer,42
Micronesia,Golf,95,82,12:24 am,12/08/2023,Male,26
Pakistan,Basketball,61,8,4:16 pm,29/06/2023,Male,36
Japan,Rugby,90,41,4:45 am,25/06/2023,Male,62
Greece,Tennis,60,85,8:42 pm,29/05/2023,Female,58
Serbia,Cycling,53,95,1:12 am,11/08/2023,Female,36
Lebanon,Football,94,72,2:48 am,03/08/2023,Female,22
China,Rugby,66,45,10:51 am,05/06/2023,Female,40
Panama,Hockey,71,33,11:07 pm,07/08/2023,Female,19
China,Golf,32,53,10:32 pm,06/07/2023,Female,53
Russia,Golf,45,51,9:57 pm,09/08/2023,Female,32
Indonesia,Football,9,71,1:16 am,23/07/2023,Female,43
Cameroon,Athletics,46,18,4:57 pm,11/08/2023,Male,24
China,Swimming,89,48,10:34 am,14/08/2023,Female,27
China,Football,25,17,9:44 pm,09/08/2023,Male,30
Honduras,Volleyball,18,81,10:14 pm,27/06/2023,Female,37
Malaysia,Basketball,76,66,10:55 am,20/06/2023,Female,22
China,Netball,64,54,9:30 am,01/06/2023,Female,23
Portugal,Swimming,93,5,11:30 am,15/08/2023,Genderqueer,25
Haiti,Football,13,51,9:42 pm,06/07/2023,Male,27
Democratic Republic of the Congo,Hockey,38,16,3:41 am,14/06/2023,Male,49
Japan,Football,65,18,7:56 pm,03/06/2023,Female,58
Norway,Boxing,56,51,10:49 am,21/05/2023,Male,41
China,Volleyball,79,11,12:00 pm,19/06/2023,Polygender,25
Venezuela,Netball,96,39,5:21 pm,05/08/2023,Female,36
Honduras,Boxing,49,83,1:05 pm,24/06/2023,Female,42
China,Football,78,98,7:56 pm,17/06/2023,Male,63
Philippines,Badminton,3,98,10:20 pm,06/06/2023,Female,22
Argentina,Rugby,85,48,9:47 pm,14/07/2023,Genderqueer,19
Russia,Tennis,33,57,12:28 pm,18/06/2023,Male,23
Indonesia,Volleyball,9,70,4:32 am,27/05/2023,Female,63
Russia,Cycling,43,42,5:55 pm,10/08/2023,Female,29
Yemen,Boxing,19,86,9:25 am,21/07/2023,Female,29
Greece,Swimming,23,35,5:44 pm,02/08/2023,Male,60
Lithuania,Netball,61,1,10:50 pm,07/07/2023,Female,21
Indonesia,Boxing,75,41,7:50 pm,13/06/2023,Female,57
Dominican Republic,Football,60,53,12:00 am,07/08/2023,Female,27
Latvia,Swimming,75,13,5:38 pm,10/07/2023,Male,60
Honduras,Netball,83,23,10:02 pm,09/06/2023,Male,49
Argentina,Basketball,20,74,9:24 pm,24/05/2023,Male,41
Portugal,Badminton,10,18,4:06 pm,09/08/2023,Genderfluid,44
Philippines,Athletics,23,21,9:53 am,31/07/2023,Male,36
China,Cycling,86,53,12:20 am,09/06/2023,Male,52
China,Golf,54,77,9:32 am,13/07/2023,Male,27
Brazil,Athletics,19,11,3:13 pm,26/06/2023,Female,31
Brazil,Cycling,40,95,1:47 am,12/07/2023,Female,28
Ivory Coast,Basketball,23,32,10:33 pm,12/08/2023,Female,49
Albania,Hockey,68,71,10:42 am,07/08/2023,Female,50
Greece,Cycling,74,1,2:26 am,28/05/2023,Female,32
Malaysia,Golf,99,64,5:01 am,15/08/2023,Male,59
Portugal,Cycling,71,6,7:23 pm,19/05/2023,Female,33
Sweden,Football,24,35,8:23 am,02/08/2023,Male,35
Canada,Basketball,49,32,1:15 am,24/07/2023,Female,21
Japan,Football,57,95,4:40 pm,04/06/2023,Female,63
Peru,Football,62,79,6:44 pm,07/06/2023,Female,20
Philippines,Athletics,90,52,8:48 am,23/06/2023,Female,37
China,Football,90,64,11:55 pm,30/05/2023,Female,22
China,Football,42,31,1:53 am,05/08/2023,Female,50
Peru,Badminton,37,58,12:20 am,31/05/2023,Male,54
South Africa,Basketball,11,48,12:24 pm,07/08/2023,Male,49
Portugal,Cycling,96,86,6:58 am,22/05/2023,Male,35
Albania,Basketball,1,7,12:43 am,29/07/2023,Female,37
Poland,Athletics,22,12,4:22 am,16/05/2023,Male,52
Tanzania,Athletics,65,72,12:28 am,30/05/2023,Male,40
Albania,Netball,18,99,6:47 pm,11/08/2023,Male,40
China,Netball,66,92,4:46 pm,29/05/2023,Male,47
Vietnam,Badminton,33,3,8:01 pm,10/07/2023,Female,47
